Website,Product,Title,Price
www.factorybuys.com.au,https://www.factorybuys.com.au/.js,Set of 2 Liosia PU Leather Patterned Bar Stools - White & Chrome,15982
www.factorybuys.com.au,https://www.factorybuys.com.au/products/2-x-premium-white-leather-bar-stools.js,Fabric Rocking Armchair with Adjustable Footrest - Black,17429
www.factorybuys.com.au,https://www.factorybuys.com.au/products/birch-plywood-adjustable-rocking-recliner-lounge-arm-chair-w-fabric-cushion-black.js,Open Top Design Large Bird Cage with Perch - Black,12477
www.factorybuys.com.au,https://www.factorybuys.com.au/products/parrot-pet-aviary-bird-cage-with-open-roof-145cm-black.js,Fire Pit BBQ Grill Table Outdoor Garden Patio Camping Wood Charcoal Fireplace,21923
www.factorybuys.com.au,https://www.factorybuys.com.au/products/outdoor-fire-pit-bbq-table-grill-fireplace-free-shipping.js,Fire Pit BBQ Grill Smoker Table Outdoor Garden Ice Pits Wood Firepit,12925
www.factorybuys.com.au,https://www.factorybuys.com.au/products/outdoor-fire-pit-bbq-table-grill-fireplace-ice-bucket-w-table-lid-free-shipping.js,"Fire Pit BBQ Charcoal Smoker Portable Outdoor Camping Pits Patio Fireplace 22""",10440
www.factorybuys.com.au,https://www.factorybuys.com.au/products/portable-foldable-outdoor-fire-pit-fireplace-w-carry-bag-free-shipping.js,"Fire Pit BBQ Charcoal Grill Smoker Portable Outdoor Camping Garden Pits 30""",12942
www.factorybuys.com.au,https://www.factorybuys.com.au/products/30-inch-portable-fire-pit-free-shipping.js,Kids Ride on Car Mercedes-Benz Licensed G65 12V Electric - Black,38484
www.factorybuys.com.au,https://www.factorybuys.com.au/products/kids-ride-on-car-w-remote-control-black-free-shipping.js,Kids Ride On Motorbike Motorcycle Car Toys - White,13453
www.factorybuys.com.au,https://www.factorybuys.com.au/products/kids-ride-on-motorbike-white-free-shipping.js,Wooden Outdoor Sand Box Set Sand Pit 120x120 - Natural Wood,26447
www.factorybuys.com.au,https://www.factorybuys.com.au/products/children-canopy-sand-pit-120cm.js,Wooden Outdoor Sandpit Set - Natural Wood,14965
www.factorybuys.com.au,https://www.factorybuys.com.au/products/children-square-sand-pit-95cm-free-shipping.js,Dog Cage 36inch Pet Cage - Black,8980
www.factorybuys.com.au,https://www.factorybuys.com.au/products/36-inch-metal-collapsible-dog-cage-free-shipping.js,Dog Cage 42inch Pet Cage - Black,6955
www.factorybuys.com.au,https://www.factorybuys.com.au/products/42-inch-metal-collapsible-dog-cage-free-shipping.js,Dog Cage 48inch Pet Cage - Black,10905
www.factorybuys.com.au,https://www.factorybuys.com.au/products/48-inch-metal-collapsible-dog-cage-free-shipping.js,1x Wall Shelves Paper Holder Industrial Pipe Shelf DIY Vintage Brackets,4985
www.factorybuys.com.au,https://www.factorybuys.com.au/products/rustic-industrial-diy-floating-pipe-shelf-paper-holder.js,Set of 2 Chania PU Leather Gas Lift Bar Stools - Black,19940
www.factorybuys.com.au,https://www.factorybuys.com.au/products/set-of-2-leather-kitchen-bar-stool-black.js,Set of 2 Liestal PU Leather Backless Bar Stools - White & Chrome,15487
www.factorybuys.com.au,https://www.factorybuys.com.au/products/set-of-2-pu-leather-kitchen-bar-stool-white-free-shipping-3.js,Set of 2 Terni PU Leather Wave Style Bar Stools - Black,12941
www.factorybuys.com.au,https://www.factorybuys.com.au/products/set-of-2-leather-kitchen-bar-stool-black-free-shipping-6.js,Set of 2 Terni PU Leather Wave Style Bar Stools - White,12941
www.factorybuys.com.au,https://www.factorybuys.com.au/products/set-of-2-leather-kitchen-bar-stool-white-free-shipping-2.js,Percy Kids Recliner Chair Linen Soft Sofa Lounge Couch Children Armchair - Black,22483
www.factorybuys.com.au,https://www.factorybuys.com.au/products/kids-leather-recliner-chair-black.js,Percy Kids Recliner Chair Linen Soft Sofa Lounge Couch Children Armchair - Blue,22483
www.factorybuys.com.au,https://www.factorybuys.com.au/products/kids-padded-leather-recliner-chair-blue.js,Fire Pit BBQ Table Grill Outdoor Garden Wood Burning Fireplace Stove,14467
www.factorybuys.com.au,https://www.factorybuys.com.au/products/outdoor-fire-pit-bbq-table-grill-fireplace-stone-pattern-free-shipping.js,Self Inflating Mattress - Blue Single,8485
www.factorybuys.com.au,https://www.factorybuys.com.au/products/self-inflating-mattress-single-6cm-blue-free-shipping.js,20L Portable Outdoor Camping Toilet - Grey,13464
www.factorybuys.com.au,https://www.factorybuys.com.au/products/weisshorn-20l-portable-camping-toilet-free-shipping.js,110cm Chalcis Wooden Bar Stool - Black,12925
www.factorybuys.com.au,https://www.factorybuys.com.au/products/leather-wooden-kitchen-bar-stool-black-free-shipping-1.js,Percy Kids Recliner Chair Linen Soft Sofa Lounge Couch Children Armchair - Pink,20488
www.factorybuys.com.au,https://www.factorybuys.com.au/products/kids-leather-recliner-chair-pink.js,11-piece Kids Drum Set,7409
www.factorybuys.com.au,https://www.factorybuys.com.au/products/blue-kids-drums-8-piece-set.js,Kids Wooden Kitchen Play Set - White & Pink,22429
www.factorybuys.com.au,https://www.factorybuys.com.au/products/xl-wooden-kitchen-playset.js,Kids Ride On Bulldozer - Yellow,9900
www.factorybuys.com.au,https://www.factorybuys.com.au/products/kids-ride-on-bulldozer.js,Kids Ride On Excavator - Yellow,9482
www.factorybuys.com.au,https://www.factorybuys.com.au/products/kids-ride-on-excavator.js,Greenhouse Garden Shed Tunnel Plant Green House Storage Plant Lawn,7985
www.factorybuys.com.au,https://www.factorybuys.com.au/products/4-shelf-greenhouse-with-cover.js,Greenhouse Garden Shed Green House 1.9x1.2m Storage Greenhouses Clear,8938
www.factorybuys.com.au,https://www.factorybuys.com.au/products/greenhouse-with-transparent-pvc-cover.js,Greenhouse Garden Shed Green House 3.5x2x2m Greenhouses Storage Lawn,15495
www.factorybuys.com.au,https://www.factorybuys.com.au/products/greenhouse-with-green-cover-3-5m-x-2m.js,Rustic Wall Shelves Display Bookshelf Industrial DIY Pipe Shelf Brackets,20456
www.factorybuys.com.au,https://www.factorybuys.com.au/products/diy-industrial-6-level-pipe-shelf-1.js,Percy Kids Recliner Chair Linen Soft Sofa Lounge Couch Children Armchair - Purple,22478
